auth4812, David Kirk, David Kirk, s244
auth1921, Eric Paulos, Eric Paulos, s246
auth5903, Erika Poole, Erika Poole, s283
auth13111, Yunan Chen, Yunan Chen,
auth14161, William Thies, William Thies, s204
auth6436, Antonio Krüger, Antonio KruÇger, 
auth2436, Albrecht Schmidt, Albrecht Schmidt, s247
chair10001, Sean Munson, Sean Munson, s200
auth2712, Andrew Ko, Andrew Ko, 
auth1285, Daniela Busse, Daniela Busse, s214
chair10002, Karyn Moffatt, Karyn Moffatt, 
chair10003, Ann Blandford, Ann Blandford, 
auth2866, Lynne Baillie, Lynne Baillie, s291
chair10004, Joonhwan Lee, Joonhwan Lee,
auth10923, Chris Harrison, Chris Harrison, s225
auth7922, Marilyn McGee-Lennon, Marilyn McGee-Lennon, s228
auth1333, Jennifer Rode, Jennifer Rode, 
auth7080, Jeffrey Bardzell, Jeffrey Bardzell, s242
chair10005, Michal Jacovi, Michal Jacovi, s210
auth6165, Jon Froehlich, Jon Froehlich, s257
chair10006, Myriam Lewkowicz, Myriam Lewkowicz, 
auth5106, Tessa Lau, Tessa Lau, 
auth1245, Kasper Hornbæk, Kasper Hornb ôk,
chair10007, Tomer Moscovich, Tomer Moscovich,
chair10008, Otmar Hilliges, Otmar Hilliges, s251
auth3440, Daniel Wigdor, Daniel Wigdor, s211
chair10009, Alexander Boden, Alexander Boden,
auth7532, Anna Cox, Anna Cox,
auth34756, Andrea Parker, Andrea Parker, s262
chair10010, Gavin Doherty, Gavin Doherty, s297
auth8212, Shaun Kane, Shaun Kane, s289
chair10011, Anton Nijholt, Anton Nijholt, 
auth1917, John Zimmerman, John Zimmerman, s245
auth3353, m.c. schraefel, m.c. schraefel,
chair10012, Leong-Hwee Teo, Leong-Hwee Teo,
auth4608, Lyn Bartram, Lyn Bartram, s259
auth1785, Barry Brown, Barry Brown, 
auth9441, Anne Roudaut, Anne Roudaut, s224
auth8119, Predrag Klasnja, Predrag Klasnja, s290
auth2660, Steven Drucker, Steven Drucker, s230
auth2881, Antti Oulasvirta, Antti Oulasvirta,
auth5378, Lian Loke, Lian Loke,
chair10013, Jan Gulliksen, Jan Gulliksen,
auth17738, Margot Brereton, Margot Brereton, s267
auth4720, Tapan Parikh, Tapan Parikh, 
auth2175, Andrew Wilson, Andrew Wilson, s263
auth1589, Wanda Pratt, Wanda Pratt, s295
auth3198, Leah Findlater, Leah Findlater, s253
chair10014, Xiangshi Ren, Xiangshi Ren, s287
auth5929, Ryen White, Ryen White, 
auth8114, Janet Vertesi, Janet Vertesi, s272
auth16125, Mark Selby, Mark Perry, s212
auth9366, Jettie Hoonhout, Jettie Hoonhout, 
auth1025, Geraldine Fitzpatrick, Geraldine Fitzpatrick, s296
auth1172, Gloria Mark, Gloria Mark, s233
auth4329, Gunnar Stevens, Gunnar Stevens,
auth11540, Andreas Bulling, Andreas Bulling, s249
auth4580, Stephane Huot, Stephane Huot, s219
auth4560, Pierre Dragicevic, Pierre Dragicevic, s271
chair10015, Mark Dunlop, Mark Dunlop, s255
auth5955, Hans Gellersen, Hans Gellersen, s206
chair10016, Glenda Revelle, Glenda Revelle,
chair10017, Pierre Cubaud, Pierre Cubaud,
auth2060, Florian Mueller, Florian Mueller, s239
auth10037, Paul Marshall, Paul Marshall, s232
chair10018, Judy Kay, Judy Kay, s285
auth1428, Joanna McGrenere, Joanna McGrenere, s270
chair10019, Andrew Duchowski, Andrew Duchowski, s235
chair10020, Karrie Karahalios, Karrie Karahalios, s293
auth7742, Marianna Obrist, Marianna Obrist, s281
chair10021, Volkmar Pipek, Volkmar Pipek, s240
auth10010, Marina Jirotka, Marina Jirotka,
auth4538, Andreas Butz, Andreas Butz,
auth3033, Géry Casiez, GeÇry Casiez, s252
auth2567, Pourang Irani, Pourang Irani, s220
auth21626, Xiaomu Zhou, Xiaomu Zhou, s294
chair10022, Matthew Turk, Matthew Turk, s195
auth4018, Alex Olwal, Alex Olwal, s227
auth3460, Manfred Tscheligi, Manfred Tscheligi, 
auth34755, Jina Huh, Jina Huh,
auth5828, Emmanuel Pietriga, Emmanuel Pietriga, s222
auth5854, Mira Dontcheva, Mira Dontcheva, s250
auth2491, Sriram Subramanian, Sriram Subramanian, s223
chair10023, Xianghua Ding, Xianghua Ding, 
chair10024, Valentina Nisi, Valentina Nisi,
auth1028, Jodi Forlizzi, Jodi Forlizzi, s205
chair10025, Petra Sundstroǅm, Petra Sundstroǅm, 
chair10026, Clifton Forlines, Clifton Forlines,
auth6279, Bilge Mutlu, Bilge Mutlu, s207
auth3590, Regan Mandryk, Regan Mandryk, s284
auth1047, Michael Muller, Michael Muller, s327
auth7739, Elizabeth Gerber, Elizabeth Gerber, s266
chair10027, Edward Lank, Edward Lank, s229
chair10028, James Fogarty, James Fogarty, s265
auth2152, Karon MacLean, Karon MacLean, 
chair10029, Xiang Cao, Xiang Cao,
auth7764, Nadir Weibel, Nadir Weibel, s215
auth2948, Jaime Teevan, Jaime Teevan, s260
auth8964, Jeffrey Bigham, Jeffrey Bigham, s292
auth9129, Katie Siek, Katie Siek, 
chair10030, Louise Barkhuus, Louise Barkhuus,
chair10031, Michael Massimi, Michael Massimi, s278
chair10032, Caroline Appert, Caroline Appert, s254
chair10033, Pernille Bjorn, Pernille Bjorn, 
auth1299, Margaret Burnett, Margaret Burnett, s264
auth1100, Ed Chi, Ed Chi, 
chair10034, Chris Quintana, Chris Quintana, 
auth16855, Evangelos Karapanos, Evangelos Karapanos, s280
chair10035, Steven Feiner, Steven Feiner, s234
chair10036, Sameer Patil, Sameer Patil, s275
auth6475, Duncan Brumby, Duncan Brumby, 
auth1678, Volker Wulf, Volker Wulf, s208
auth17461, Haakon Faste, Haakon Faste,
chair10037, Shari Trewin, Shari Trewin, s218
chair10038, Evan Suma, Evan Suma,
chair10039, Deborah Tatar, Deborah Tatar, s286
auth2278, Siân Lindley, SiaÇn Lindley, s216
auth9749, Daniela Rosner, Daniela Rosner, 
auth9574, Darren Edge, Darren Edge, s269
chair10040, Andrea Bunt, Andrea Bunt, s268
chair10041, Elisabeth Andre, Elisabeth Andre, 
chair10042, Joep Frens, Joep Frens, s237
chair10043, Honglu Du, Honglu Du, 
auth17243, Aaron Quigley, Aaron Quigley, 
chair10044, David McGookin, David McGookin, 
auth9633, Koji Yatani, Koji Yatani, s226
auth2727, Steven Dow, Steven Dow, 
chair10045, Hilary Hutchinson, Hilary Hutchinson, 
chair10046, Timothy Bickmore, Timothy Bickmore, 
auth10385, Lennart Nacke, Lennart Nacke, s282
chair10047, Elisa Giaccardi, Elisa Giaccardi, 
auth1660, Anthony Jameson, Anthony Jameson, s279
auth3228, Gary Hsieh, Gary Hsieh, 
chair10048, Amy Hurst, Amy Hurst, s217
chair10049, Bjoǅrn Hartmann, Bjoǅrn Hartmann, 
chair10050, Kristina Hoǅoǅk, Kristina Hoǅoǅk, 
chair10051, Sunny Consolvo, Sunny Consolvo, s241
auth1074, John Thomas, John Thomas, s258
chair10052, Steve Harrison, Steve Harrison, 
auth8172, Serge Egelman, Serge Egelman, s274
chair10053, Eva Hornecker, Eva Hornecker, s243
auth1336, Ian Oakley, Ian Oakley, s276
chair10054, Luigina Ciolfi, Luigina Ciolfi, 
chair10055, Mikael Wiberg, Mikael Wiberg,
chair10056, Vanessa Evers, Vanessa Evers,
auth4330, Jacki O'Neill, Jacki O'Neill,
auth3430, Shengdong Zhao, Shengdong Zhao, 
chair10057, Gahgene Gweon, Gahgene Gweon,
auth1461, Katherine Isbister, Katherine Isbister,
chair10058, Kim Halskov, Kim Halskov, s203
chair10059, Andruid Kerne, Andruid Kerne, s288
auth1157, Paul Luff, Paul Luff, 
auth4508, Krzysztof Gajos, Krzysztof Gajos, s209
auth6000, Nicholas Chen, Nicholas Chen, 
auth1976, Elaine Huang, Elaine Huang, s261
auth3848, Celine Latulipe, Celine Latulipe, 
auth1007, Scott Hudson, Scott Hudson, s248
auth5951, Petra Isenberg, Petra Isenberg, s231
auth3340, Yang Li, Yang Li, s221
chair10060, Ann Light, Ann Light, 
chair10061, Erin Solovey, Erin Solovey, 
chair10062, Judd Antin, Judd Antin,
auth3493, Vicki Hanson, Vicki Hanson,
auth4583, Youn-kyung Lim, Youn-kyung Lim, s238
auth4890, Effie Law, Effie Law, s273